Aberdeen,Monmouth,2020,"14,375",64,0.45%
Aberdeen,Monmouth,2015,"12,240",7,0.06%
Absecon,Atlantic,2020,"5,392",20,0.37%
Absecon,Atlantic,2015,"5,679",2,0.03%
Alexandria,Hunterdon,2020,"4,097",19,0.46%
Alexandria,Hunterdon,2015,"3,646",4,0.10%
Allamuchy,Warren,2020,"3,912",17,0.43%
Allamuchy,Warren,2015,"3,549",2,0.05%
Allendale,Bergen,2020,"4,321",60,1.39%
Allendale,Bergen,2015,"4,418",3,0.07%
Allenhurst,Monmouth,2020,327,13,3.98%
Allenhurst,Monmouth,2015,343,0,0.12%
Allentown,Monmouth,2020,"1,361",18,1.32%
Allentown,Monmouth,2015,"1,344",2,0.11%
Alloway,Salem,2020,"2,766",7,0.25%
Alloway,Salem,2015,"2,475",1,0.02%
Alpha,Warren,2020,"1,741",4,0.23%
Alpha,Warren,2015,"1,552",1,0.03%
Alpine,Bergen,2020,"1,095",56,5.11%
Alpine,Bergen,2015,"1,185",11,0.90%
Andover,Sussex,2020,551,14,2.54%
Andover,Sussex,2015,525,2,0.40%
Andover,Sussex,2020,"4,252",14,0.33%
Andover,Sussex,2015,"3,946",2,0.05%
Asbury Park,Monmouth,2020,"8,588",73,0.85%
Asbury Park,Monmouth,2015,"6,681",8,0.13%
Atlantic City,Atlantic,2020,"13,353",32,0.24%
Atlantic City,Atlantic,2015,"11,389",3,0.03%
Atlantic Highlands,Monmouth,2020,"3,110",21,0.68%
Atlantic Highlands,Monmouth,2015,"3,221",1,0.03%
Audubon,Camden,2020,"5,875",21,0.36%
Audubon,Camden,2015,"6,212",1,0.01%
Audubon Park,Camden,2020,792,3,0.38%
Audubon Park,Camden,2015,743,0,0.01%
Avalon,Cape May,2020,"1,311",54,4.12%
Avalon,Cape May,2015,"1,232",1,0.08%
Avon-by-the-Sea,Monmouth,2020,"1,365",12,0.88%
Avon-by-the-Sea,Monmouth,2015,"1,423",1,0.07%
Barnegat,Ocean,2020,"16,490",46,0.28%
Barnegat,Ocean,2015,"14,320",5,0.03%
Barnegat Light,Ocean,2020,415,7,1.69%
Barnegat Light,Ocean,2015,511,0,0.00%
Barrington,Camden,2020,"4,958",26,0.52%
Barrington,Camden,2015,"4,520",5,0.11%
Bass River,Burlington,2020,"1,051",4,0.38%
Bass River,Burlington,2015,"1,080",0,0.04%
Bay Head,Ocean,2020,811,9,1.11%
Bay Head,Ocean,2015,756,1,0.15%
Bayonne,Hudson,2020,"30,135",89,0.30%
Bayonne,Hudson,2015,"30,262",10,0.03%
Beach Haven,Ocean,2020,797,7,0.88%
Beach Haven,Ocean,2015,802,1,0.10%
Beachwood,Ocean,2020,"8,002",28,0.35%
Beachwood,Ocean,2015,"7,365",4,0.05%
Bedminster,Somerset,2020,"6,866",65,0.95%
Bedminster,Somerset,2015,"6,854",7,0.10%
Belleville,Essex,2020,"21,413",52,0.24%
Belleville,Essex,2015,"18,990",4,0.02%
Bellmawr,Camden,2020,"6,953",22,0.32%
Bellmawr,Camden,2015,"7,034",1,0.01%
Belmar,Monmouth,2020,"3,869",41,1.06%
Belmar,Monmouth,2015,"4,112",4,0.10%
Belvidere,Warren,2020,"1,661",4,0.24%
Belvidere,Warren,2015,"1,721",0,0.02%
Bergenfield,Bergen,2020,"15,318",71,0.46%
Bergenfield,Bergen,2015,"15,182",13,0.08%
Berkeley,Ocean,2020,"31,161",98,0.31%
Berkeley,Ocean,2015,"29,667",11,0.04%
Berkeley Heights,Union,2020,"9,120",134,1.47%
Berkeley Heights,Union,2015,"8,724",10,0.12%
Berlin,Camden,2020,"4,957",20,0.40%
Berlin,Camden,2020,"3,773",12,0.32%
Berlin,Camden,2015,"4,560",3,0.06%
Berlin,Camden,2015,"3,128",0,0.00%
Bernards,Somerset,2020,"18,377",294,1.60%
Bernards,Somerset,2015,"17,670",29,0.16%
Bernardsville,Somerset,2020,"5,260",84,1.60%
Bernardsville,Somerset,2015,"5,405",5,0.10%
Bethlehem,Hunterdon,2020,"3,349",17,0.51%
Bethlehem,Hunterdon,2015,"3,091",3,0.09%
Beverly,Burlington,2020,"1,449",3,0.21%
Beverly,Burlington,2015,"1,480",1,0.06%
Blairstown,Warren,2020,"4,599",19,0.41%
Blairstown,Warren,2015,"4,311",2,0.04%
Bloomfield,Essex,2020,"28,742",156,0.54%
Bloomfield,Essex,2015,"26,640",24,0.09%
Bloomingdale,Passaic,2020,"5,248",20,0.38%
Bloomingdale,Passaic,2015,"5,322",5,0.09%
Bloomsbury,Hunterdon,2020,709,4,0.56%
Bloomsbury,Hunterdon,2015,583,1,0.10%
Bogota,Bergen,2020,"4,792",27,0.56%
Bogota,Bergen,2015,"4,848",1,0.02%
Boonton,Morris,2020,"5,615",52,0.93%
Boonton,Morris,2020,"3,046",23,0.76%
Boonton,Morris,2015,"5,544",4,0.08%
Boonton,Morris,2015,"3,212",2,0.06%
Bordentown,Burlington,2020,"2,779",19,0.68%
Bordentown,Burlington,2020,"8,691",36,0.41%
Bordentown,Burlington,2015,"2,583",4,0.16%
Bordentown,Burlington,2015,"7,897",8,0.10%
Bound Brook,Somerset,2020,"5,656",24,0.42%
Bound Brook,Somerset,2015,"5,681",0,0.00%
Bradley Beach,Monmouth,2020,"2,751",23,0.84%
Bradley Beach,Monmouth,2015,"2,960",2,0.07%
Branchburg,Somerset,2020,"11,119",63,0.57%
Branchburg,Somerset,2015,"10,341",10,0.09%
Branchville,Sussex,2020,766,2,0.26%
Branchville,Sussex,2015,526,0,0.08%
Brick,Ocean,2020,"55,314",181,0.33%
Brick,Ocean,2015,"53,207",38,0.07%
Bridgeton,Cumberland,2020,"7,756",21,0.27%
Bridgeton,Cumberland,2015,"8,152",4,0.05%
Bridgewater,Somerset,2020,"30,647",340,1.11%
Bridgewater,Somerset,2015,"29,384",19,0.07%
Brielle,Monmouth,2020,"3,293",30,0.91%
Brielle,Monmouth,2015,"3,621",1,0.03%
Brigantine,Atlantic,2020,"6,590",34,0.52%
Brigantine,Atlantic,2015,"6,844",4,0.06%
Brooklawn,Camden,2020,"1,226",3,0.24%
Brooklawn,Camden,2015,"1,131",0,0.04%
Buena,Atlantic,2020,"2,957",5,0.17%
Buena,Atlantic,2015,"2,946",0,0.01%
Buena Vista,Atlantic,2020,"5,471",19,0.35%
Buena Vista,Atlantic,2015,"5,217",2,0.04%
Burlington,Burlington,2020,"6,107",35,0.57%
Burlington,Burlington,2020,"15,220",58,0.38%
Burlington,Burlington,2015,"6,132",6,0.10%
Burlington,Burlington,2015,"14,191",10,0.07%
Butler,Morris,2020,"5,730",48,0.84%
Butler,Morris,2015,"4,750",3,0.06%
Byram,Sussex,2020,"6,326",26,0.41%
Byram,Sussex,2015,"6,017",4,0.07%
Caldwell,Essex,2020,"5,256",53,1.01%
Caldwell,Essex,2015,"5,218",3,0.07%
Califon,Hunterdon,2020,923,9,0.98%
Califon,Hunterdon,2015,834,1,0.16%
Camden,Camden,2020,"25,563",14,0.05%
Camden,Camden,2015,"22,752",1,0.01%
Cape May,Cape May,2020,"1,971",32,1.62%
Cape May,Cape May,2015,"1,855",2,0.10%
Cape May Point,Cape May,2020,135,7,5.19%
Cape May Point,Cape May,2015,185,0,0.00%
Carlstadt,Bergen,2020,"4,047",17,0.42%
Carlstadt,Bergen,2015,"3,752",1,0.02%
Carneys Point,Salem,2020,"4,844",10,0.21%
Carneys Point,Salem,2015,"4,652",1,0.01%
Carteret,Middlesex,2020,"13,471",29,0.22%
Carteret,Middlesex,2015,"13,234",3,0.02%
Cedar Grove,Essex,2020,"8,062",70,0.87%
Cedar Grove,Essex,2015,"7,838",8,0.10%
Chatham,Morris,2020,"5,439",89,1.64%
Chatham,Morris,2020,"6,737",104,1.54%
Chatham,Morris,2015,"5,456",8,0.15%
Chatham,Morris,2015,"7,021",10,0.14%
Cherry Hill,Camden,2020,"49,528",531,1.07%
Cherry Hill,Camden,2015,"46,741",59,0.13%
Chesilhurst,Camden,2020,874,3,0.34%
Chesilhurst,Camden,2015,976,0,0.00%
Chester,Morris,2020,"1,040",27,2.60%
Chester,Morris,2020,"5,986",62,1.04%
Chester,Morris,2015,981,3,0.34%
Chester,Morris,2015,"5,657",8,0.13%
Chesterfield,Burlington,2020,"3,766",53,1.41%
Chesterfield,Burlington,2015,"4,181",4,0.10%
Cinnaminson,Burlington,2020,"11,917",77,0.65%
Cinnaminson,Burlington,2015,"11,661",11,0.10%
City of Orange,Essex,2020,"11,311",23,0.20%
City of Orange,Essex,2015,"10,257",2,0.02%
Clark,Union,2020,"11,316",56,0.49%
Clark,Union,2015,"10,246",5,0.05%
Clayton,Gloucester,2020,"5,853",18,0.31%
Clayton,Gloucester,2015,"5,293",2,0.03%
Clementon,Camden,2020,"3,041",9,0.30%
Clementon,Camden,2015,"3,074",1,0.05%
Cliffside Park,Bergen,2020,"14,008",57,0.41%
Cliffside Park,Bergen,2015,"13,423",5,0.04%
Clifton,Passaic,2020,"49,029",197,0.40%
Clifton,Passaic,2015,"45,145",18,0.04%
Clinton,Hunterdon,2020,"1,993",26,1.30%
Clinton,Hunterdon,2020,"8,970",76,0.85%
Clinton,Hunterdon,2015,"1,671",2,0.11%
Clinton,Hunterdon,2015,"8,447",5,0.06%
Closter,Bergen,2020,"5,274",105,1.99%
Closter,Bergen,2015,"5,277",7,0.13%
Collingswood,Camden,2020,"9,239",67,0.73%
Collingswood,Camden,2015,"8,635",10,0.12%
Colts Neck,Monmouth,2020,"7,212",111,1.54%
Colts Neck,Monmouth,2015,"7,156",16,0.22%
Commercial,Cumberland,2020,"2,953",7,0.24%
Commercial,Cumberland,2015,"3,067",3,0.09%
Corbin City,Atlantic,2020,543,1,0.18%
Corbin City,Atlantic,2015,350,0,0.06%
Cranbury,Middlesex,2020,"2,797",43,1.54%
Cranbury,Middlesex,2015,"2,693",3,0.12%
Cranford,Union,2020,"16,659",119,0.71%
Cranford,Union,2015,"15,906",14,0.09%
Cresskill,Bergen,2020,"5,531",95,1.72%
Cresskill,Bergen,2015,"5,602",6,0.11%
Deal,Monmouth,2020,363,37,10.19%
Deal,Monmouth,2015,542,0,0.00%
Deerfield,Cumberland,2020,"1,983",6,0.30%
Deerfield,Cumberland,2015,"2,052",1,0.03%
Delanco,Burlington,2020,"3,377",11,0.33%
Delanco,Burlington,2015,"3,170",2,0.06%
Delaware,Hunterdon,2020,"3,752",29,0.77%
Delaware,Hunterdon,2015,"3,847",4,0.11%
Delran,Burlington,2020,"11,504",37,0.32%
Delran,Burlington,2015,"10,852",6,0.06%
Demarest,Bergen,2020,"3,314",98,2.96%
Demarest,Bergen,2015,"3,352",7,0.21%
Dennis,Cape May,2020,"4,928",20,0.41%
Dennis,Cape May,2015,"4,924",4,0.08%
Denville,Morris,2020,"12,134",128,1.05%
Denville,Morris,2015,"12,274",12,0.10%
Deptford,Gloucester,2020,"20,479",77,0.38%
Deptford,Gloucester,2015,"19,764",13,0.06%
Dover,Morris,2020,"9,152",19,0.21%
Dover,Morris,2015,"8,237",1,0.02%
Downe,Cumberland,2020,858,2,0.23%
Downe,Cumberland,2015,"1,041",1,0.05%
Dumont,Bergen,2020,"11,788",48,0.41%
Dumont,Bergen,2015,"11,333",5,0.04%
Dunellen,Middlesex,2020,"4,071",45,1.11%
Dunellen,Middlesex,2015,"4,345",1,0.03%
Eagleswood,Ocean,2020,"1,148",6,0.52%
Eagleswood,Ocean,2015,"1,187",0,0.00%
East Amwell,Hunterdon,2020,"3,273",36,1.10%
East Amwell,Hunterdon,2015,"3,185",4,0.13%
East Brunswick,Middlesex,2020,"32,528",373,1.15%
East Brunswick,Middlesex,2015,"31,289",27,0.09%
East Greenwich,Gloucester,2020,"7,796",61,0.78%
East Greenwich,Gloucester,2015,"6,788",3,0.04%
East Hanover,Morris,2020,"8,079",59,0.73%
East Hanover,Morris,2015,"7,866",2,0.03%
East Newark,Hudson,2020,819,4,0.49%
East Newark,Hudson,2015,805,0,0.04%
East Orange,Essex,2020,"23,862",24,0.10%
East Orange,Essex,2015,"24,470",7,0.03%
East Rutherford,Bergen,2020,"6,252",29,0.46%
East Rutherford,Bergen,2015,"5,282",4,0.08%
East Windsor,Mercer,2020,"16,571",165,1.00%
East Windsor,Mercer,2015,"16,438",16,0.10%
Eastampton,Burlington,2020,"4,486",15,0.33%
Eastampton,Burlington,2015,"4,070",3,0.06%
Eatontown,Monmouth,2020,"8,370",67,0.80%
Eatontown,Monmouth,2015,"8,738",6,0.07%
Edgewater,Bergen,2020,"8,018",108,1.35%
Edgewater,Bergen,2015,"7,021",9,0.13%
Edgewater Park,Burlington,2020,"5,568",10,0.18%
Edgewater Park,Burlington,2015,"5,794",3,0.05%
Edison,Middlesex,2020,"59,239",690,1.16%
Edison,Middlesex,2015,"60,480",47,0.08%
Egg Harbor,Atlantic,2020,"28,220",142,0.50%
Egg Harbor,Atlantic,2015,"27,423",20,0.07%
Egg Harbor City,Atlantic,2020,"2,041",12,0.59%
Egg Harbor City,Atlantic,2015,"2,365",2,0.09%
Elizabeth,Union,2020,"51,731",85,0.16%
Elizabeth,Union,2015,"45,271",3,0.01%
Elk,Gloucester,2020,"2,789",19,0.68%
Elk,Gloucester,2015,"2,824",3,0.12%
Elmer,Salem,2020,932,8,0.86%
Elmer,Salem,2015,960,1,0.11%
Elmwood Park,Bergen,2020,"11,719",34,0.29%
Elmwood Park,Bergen,2015,"11,958",4,0.03%
Elsinboro,Salem,2020,711,2,0.28%
Elsinboro,Salem,2015,836,0,0.02%
Emerson,Bergen,2020,"5,155",29,0.56%
Emerson,Bergen,2015,"4,756",1,0.02%
Englewood,Bergen,2020,"16,850",141,0.84%
Englewood,Bergen,2015,"15,117",20,0.13%
Englewood Cliffs,Bergen,2020,"3,861",98,2.54%
Englewood Cliffs,Bergen,2015,"3,556",9,0.25%
Englishtown,Monmouth,2020,"1,223",15,1.23%
Englishtown,Monmouth,2015,"1,271",1,0.11%
Essex Fells,Essex,2020,"1,496",37,2.47%
Essex Fells,Essex,2015,"1,633",2,0.12%
Estell Manor,Atlantic,2020,"1,254",3,0.24%
Estell Manor,Atlantic,2015,"1,249",0,0.01%
Evesham,Burlington,2020,"33,027",204,0.62%
Evesham,Burlington,2015,"31,935",24,0.08%
Ewing,Mercer,2020,"22,138",72,0.33%
Ewing,Mercer,2015,"21,607",12,0.06%
Fair Haven,Monmouth,2020,"3,680",49,1.33%
Fair Haven,Monmouth,2015,"4,176",5,0.12%
Fair Lawn,Bergen,2020,"21,243",139,0.65%
Fair Lawn,Bergen,2015,"20,699",10,0.05%
Fairfield,Essex,2020,"5,511",46,0.83%
Fairfield,Cumberland,2020,"3,215",6,0.19%
Fairfield,Essex,2015,"4,874",4,0.08%
Fairfield,Cumberland,2015,"3,082",1,0.04%
Fairview,Bergen,2020,"6,520",19,0.29%
Fairview,Bergen,2015,"6,832",2,0.03%
Fanwood,Union,2020,"5,232",38,0.73%
Fanwood,Union,2015,"4,701",6,0.13%
Far Hills,Somerset,2020,727,36,4.95%
Far Hills,Somerset,2015,800,4,0.53%
Farmingdale,Monmouth,2020,900,15,1.67%
Farmingdale,Monmouth,2015,"1,009",3,0.34%
Fieldsboro,Burlington,2020,562,2,0.36%
Fieldsboro,Burlington,2015,432,0,0.09%
Flemington,Hunterdon,2020,"2,617",40,1.53%
Flemington,Hunterdon,2015,"2,383",4,0.18%
Florence,Burlington,2020,"9,006",40,0.44%
Florence,Burlington,2015,"8,951",5,0.06%
Florham Park,Morris,2020,"7,275",79,1.09%
Florham Park,Morris,2015,"7,100",8,0.11%
Folsom,Atlantic,2020,"1,150",5,0.43%
Folsom,Atlantic,2015,"1,283",1,0.05%
Fort Lee,Bergen,2020,"21,713",231,1.06%
Fort Lee,Bergen,2015,"21,598",20,0.09%
Frankford,Sussex,2020,"4,193",19,0.45%
Frankford,Sussex,2015,"4,182",5,0.11%
Franklin,Hunterdon,2020,"2,825",26,0.92%
Franklin,Somerset,2020,"42,932",383,0.89%
Franklin,Warren,2020,"2,471",12,0.49%
Franklin,Gloucester,2020,"12,255",45,0.37%
Franklin,Sussex,2020,"3,564",8,0.22%
Franklin,Hunterdon,2015,"2,612",4,0.15%
Franklin,Somerset,2015,"40,227",41,0.10%
Franklin,Sussex,2015,"3,435",3,0.10%
Franklin,Warren,2015,"2,424",2,0.09%
Franklin,Gloucester,2015,"11,612",10,0.09%
Franklin Lakes,Bergen,2020,"8,322",151,1.81%
Franklin Lakes,Bergen,2015,"8,589",11,0.13%
Fredon,Sussex,2020,"2,516",8,0.32%
Fredon,Sussex,2015,"2,453",1,0.04%
Freehold,Monmouth,2020,"5,562",38,0.68%
Freehold,Monmouth,2020,"23,664",128,0.54%
Freehold,Monmouth,2015,"5,153",4,0.07%
Freehold,Monmouth,2015,"23,432",12,0.05%
Frelinghuysen,Warren,2020,"1,552",7,0.45%
Frelinghuysen,Warren,2015,"1,836",1,0.04%
Frenchtown,Hunterdon,2020,966,7,0.72%
Frenchtown,Hunterdon,2015,"1,101",1,0.13%
Galloway,Atlantic,2020,"23,127",72,0.31%
Galloway,Atlantic,2015,"21,578",12,0.06%
Garfield,Bergen,2020,"18,049",44,0.24%
Garfield,Bergen,2015,"16,654",5,0.03%
Garwood,Union,2020,"2,860",12,0.42%
Garwood,Union,2015,"2,937",0,0.00%
Gibbsboro,Camden,2020,"1,557",8,0.51%
Gibbsboro,Camden,2015,"1,535",1,0.07%
Glassboro,Gloucester,2020,"11,346",33,0.29%
Glassboro,Gloucester,2015,"10,829",4,0.04%
Glen Gardner,Hunterdon,2020,"1,230",10,0.81%
Glen Gardner,Hunterdon,2015,"1,231",2,0.15%
Glen Ridge,Essex,2020,"4,295",83,1.93%
Glen Ridge,Essex,2015,"4,361",3,0.07%
Glen Rock,Bergen,2020,"6,767",98,1.45%
Glen Rock,Bergen,2015,"7,742",8,0.10%
Gloucester,Camden,2020,"40,581",125,0.31%
Gloucester,Camden,2015,"41,195",23,0.05%
Gloucester City,Camden,2020,"6,325",13,0.21%
Gloucester City,Camden,2015,"5,867",3,0.04%
Green,Sussex,2020,"2,592",11,0.42%
Green,Sussex,2015,"2,492",2,0.06%
Green Brook,Somerset,2020,"4,790",42,0.88%
Green Brook,Somerset,2015,"4,822",2,0.04%
Greenwich,Warren,2020,"3,867",18,0.47%
Greenwich,Cumberland,2020,413,1,0.24%
Greenwich,Gloucester,2020,"3,494",6,0.17%
Greenwich,Gloucester,2015,"3,560",3,0.08%
Greenwich,Warren,2015,"3,700",2,0.06%
Greenwich,Cumberland,2015,747,0,0.00%
Guttenberg,Hudson,2020,"4,619",18,0.39%
Guttenberg,Hudson,2015,"3,686",1,0.02%
Hackensack,Bergen,2020,"23,567",90,0.38%
Hackensack,Bergen,2015,"22,056",14,0.06%
Hackettstown,Warren,2020,"5,730",33,0.58%
Hackettstown,Warren,2015,"5,707",3,0.05%
Haddon,Camden,2020,"9,835",80,0.81%
Haddon,Camden,2015,"9,557",11,0.12%
Haddon Heights,Camden,2020,"5,504",28,0.51%
Haddon Heights,Camden,2015,"5,052",4,0.08%
Haddonfield,Camden,2020,"7,545",103,1.37%
Haddonfield,Camden,2015,"7,803",13,0.17%
Hainesport,Burlington,2020,"4,882",34,0.70%
Hainesport,Burlington,2015,"4,666",3,0.06%
Haledon,Passaic,2020,"4,477",17,0.38%
Haledon,Passaic,2015,"4,196",3,0.06%
Hamburg,Sussex,2020,"2,337",11,0.47%
Hamburg,Sussex,2015,"2,359",2,0.06%
Hamilton,Mercer,2020,"60,294",256,0.42%
Hamilton,Atlantic,2020,"16,747",51,0.30%
Hamilton,Atlantic,2015,"16,283",9,0.06%
Hamilton,Mercer,2015,"58,255",32,0.05%
Hammonton,Atlantic,2020,"9,278",43,0.46%
Hammonton,Atlantic,2015,"9,456",9,0.09%
Hampton,Hunterdon,2020,973,6,0.62%
Hampton,Sussex,2020,"3,680",13,0.35%
Hampton,Hunterdon,2015,907,1,0.08%
Hampton,Sussex,2015,"3,947",2,0.04%
Hanover,Morris,2020,"10,681",83,0.78%
Hanover,Morris,2015,"10,005",13,0.13%
Harding,Morris,2020,"3,210",45,1.40%
Harding,Morris,2015,"3,074",4,0.13%
Hardwick,Warren,2020,"1,152",6,0.52%
Hardwick,Warren,2015,"1,099",1,0.05%
Hardyston,Sussex,2020,"6,098",22,0.36%
Hardyston,Sussex,2015,"6,054",4,0.07%
Harmony,Warren,2020,"2,198",4,0.18%
Harmony,Warren,2015,"2,031",1,0.03%
Harrington Park,Bergen,2020,"3,575",38,1.06%
Harrington Park,Bergen,2015,"3,117",3,0.10%
Harrison,Gloucester,2020,"8,938",80,0.90%
Harrison,Hudson,2020,"7,223",36,0.50%
Harrison,Gloucester,2015,"8,453",9,0.11%
Harrison,Hudson,2015,"5,730",4,0.06%
Harvey Cedars,Ocean,2020,388,3,0.77%
Harvey Cedars,Ocean,2015,357,0,0.08%
Hasbrouck Heights,Bergen,2020,"7,190",56,0.78%
Hasbrouck Heights,Bergen,2015,"7,454",5,0.07%
Haworth,Bergen,2020,"2,289",30,1.31%
Haworth,Bergen,2015,"2,358",2,0.09%
Hawthorne,Passaic,2020,"12,681",52,0.41%
Hawthorne,Passaic,2015,"12,032",6,0.05%
Hazlet,Monmouth,2020,"14,045",53,0.38%
Hazlet,Monmouth,2015,"13,764",8,0.06%
Helmetta,Middlesex,2020,"1,713",10,0.58%
Helmetta,Middlesex,2015,"1,546",1,0.06%
Hi-Nella,Camden,2020,778,3,0.39%
Hi-Nella,Camden,2015,498,1,0.12%
High Bridge,Hunterdon,2020,"2,680",13,0.49%
High Bridge,Hunterdon,2015,"2,677",0,0.00%
Highland Park,Middlesex,2020,"8,593",79,0.92%
Highland Park,Middlesex,2015,"7,642",11,0.14%
Highlands,Monmouth,2020,"3,713",17,0.46%
Highlands,Monmouth,2015,"3,595",1,0.03%
Hightstown,Mercer,2020,"3,211",39,1.21%
Hightstown,Mercer,2015,"3,442",4,0.13%
Hillsborough,Somerset,2020,"27,697",337,1.22%
Hillsborough,Somerset,2015,"26,430",30,0.11%
Hillsdale,Bergen,2020,"7,288",48,0.66%
Hillsdale,Bergen,2015,"6,741",2,0.03%
Hillside,Union,2020,"12,545",28,0.22%
Hillside,Union,2015,"11,814",5,0.04%
Ho-Ho-Kus,Bergen,2020,"2,826",50,1.77%
Ho-Ho-Kus,Bergen,2015,"2,735",7,0.26%
Hoboken,Hudson,2020,"20,009",205,1.02%
Hoboken,Hudson,2015,"19,782",17,0.09%
Holland,Hunterdon,2020,"4,091",15,0.37%
Holland,Hunterdon,2015,"4,131",3,0.08%
Holmdel,Monmouth,2020,"12,341",202,1.64%
Holmdel,Monmouth,2015,"11,350",25,0.22%
Hopatcong,Sussex,2020,"11,159",39,0.35%
Hopatcong,Sussex,2015,"10,925",4,0.04%
Hope,Warren,2020,"1,590",7,0.44%
Hope,Warren,2015,"1,471",1,0.05%
Hopewell,Mercer,2020,"1,330",34,2.56%
Hopewell,Mercer,2020,"12,631",205,1.62%
Hopewell,Mercer,2015,"1,424",6,0.45%
Hopewell,Mercer,2015,"13,216",26,0.20%
Hopewell,Cumberland,2020,"2,983",5,0.17%
Hopewell,Cumberland,2015,"3,103",1,0.03%
Howell,Monmouth,2020,"35,755",177,0.50%
Howell,Monmouth,2015,"34,798",19,0.05%
Independence,Warren,2020,"4,616",16,0.35%
Independence,Warren,2015,"4,154",2,0.04%
Interlaken,Monmouth,2020,657,4,0.61%
Interlaken,Monmouth,2015,667,0,0.04%
Irvington,Essex,2020,"22,268",21,0.09%
Irvington,Essex,2015,"20,693",0,0.00%
Island Heights,Ocean,2020,"1,289",9,0.70%
Island Heights,Ocean,2015,"1,273",2,0.16%
Jackson,Ocean,2020,"40,229",189,0.47%
Jackson,Ocean,2015,"38,627",21,0.05%
Jamesburg,Middlesex,2020,"3,806",45,1.18%
Jamesburg,Middlesex,2015,"3,463",4,0.11%
Jefferson,Morris,2020,"15,765",57,0.36%
Jefferson,Morris,2015,"15,646",10,0.06%
Jersey City,Hudson,2020,"88,454",737,0.83%
Jersey City,Hudson,2015,"81,724",49,0.06%
Keansburg,Monmouth,2020,"5,860",10,0.17%
Keansburg,Monmouth,2015,"5,778",0,0.00%
Kearny,Hudson,2020,"20,519",51,0.25%
Kearny,Hudson,2015,"20,607",8,0.04%
Kenilworth,Union,2020,"5,182",18,0.35%
Kenilworth,Union,2015,"5,293",1,0.02%
Keyport,Monmouth,2020,"4,682",22,0.47%
Keyport,Monmouth,2015,"4,212",3,0.08%
Kingwood,Hunterdon,2020,"3,142",20,0.64%
Kingwood,Hunterdon,2015,"3,006",3,0.11%
Kinnelon,Morris,2020,"7,682",48,0.62%
Kinnelon,Morris,2015,"7,680",3,0.04%
Knowlton,Warren,2020,"2,377",9,0.38%
Knowlton,Warren,2015,"2,211",1,0.03%
Lacey,Ocean,2020,"22,629",65,0.29%
Lacey,Ocean,2015,"20,857",7,0.03%
Lafayette,Sussex,2020,"1,631",6,0.37%
Lafayette,Sussex,2015,"1,731",1,0.06%
Lake Como,Monmouth,2020,"1,336",10,0.75%
Lake Como,Monmouth,2015,"1,054",1,0.09%
Lakehurst,Ocean,2020,"1,819",6,0.33%
Lakehurst,Ocean,2015,"1,524",2,0.12%
Lakewood,Ocean,2020,"34,782",421,1.21%
Lakewood,Ocean,2015,"33,720",6,0.02%
Lambertville,Hunterdon,2020,"2,880",36,1.25%
Lambertville,Hunterdon,2015,"3,160",5,0.16%
Laurel Springs,Camden,2020,"1,275",3,0.24%
Laurel Springs,Camden,2015,"1,267",0,0.03%
Lavallette,Ocean,2020,"1,785",6,0.34%
Lavallette,Ocean,2015,"1,597",1,0.08%
Lawnside,Camden,2020,"1,906",6,0.31%
Lawnside,Camden,2015,"1,547",0,0.00%
Lawrence,Mercer,2020,"21,566",237,1.10%
Lawrence,Cumberland,2020,"2,164",7,0.32%
Lawrence,Mercer,2015,"21,570",43,0.20%
Lawrence,Cumberland,2015,"2,034",0,0.01%
Lebanon,Hunterdon,2020,"1,511",17,1.13%
Lebanon,Hunterdon,2020,"5,122",35,0.68%
Lebanon,Hunterdon,2015,"1,347",2,0.16%
Lebanon,Hunterdon,2015,"5,228",6,0.12%
Leonia,Bergen,2020,"5,551",54,0.97%
Leonia,Bergen,2015,"5,103",7,0.14%
Liberty,Warren,2020,"2,313",5,0.22%
Liberty,Warren,2015,"2,133",1,0.06%
Lincoln Park,Morris,2020,"7,325",25,0.34%
Lincoln Park,Morris,2015,"7,119",1,0.01%
Linden,Union,2020,"24,492",70,0.29%
Linden,Union,2015,"22,877",12,0.05%
Lindenwold,Camden,2020,"9,753",27,0.28%
Lindenwold,Camden,2015,"9,546",4,0.05%
Linwood,Atlantic,2020,"4,982",40,0.80%
Linwood,Atlantic,2015,"4,728",1,0.02%
Little Egg Harbor,Ocean,2020,"15,732",43,0.27%
Little Egg Harbor,Ocean,2015,"14,316",7,0.05%
Little Falls,Passaic,2020,"9,770",40,0.41%
Little Falls,Passaic,2015,"8,799",4,0.04%
Little Ferry,Bergen,2020,"6,873",21,0.31%
Little Ferry,Bergen,2015,"6,242",4,0.06%
Little Silver,Monmouth,2020,"4,348",38,0.87%
Little Silver,Monmouth,2015,"4,255",2,0.05%
Livingston,Essex,2020,"20,000",382,1.91%
Livingston,Essex,2015,"19,288",32,0.16%
Loch Arbour village,Monmouth,2020,148,6,4.05%
Loch Arbour village,Monmouth,2015,132,0,0.15%
Lodi,Bergen,2020,"13,523",41,0.30%
Lodi,Bergen,2015,"13,518",6,0.04%
Logan,Gloucester,2020,"4,075",23,0.56%
Logan,Gloucester,2015,"4,126",2,0.04%
Long Beach,Ocean,2020,"2,486",21,0.84%
Long Beach,Ocean,2015,"2,591",2,0.09%
Long Branch,Monmouth,2020,"18,358",127,0.69%
Long Branch,Monmouth,2015,"16,830",11,0.06%
Long Hill,Morris,2020,"6,223",77,1.24%
Long Hill,Morris,2015,"6,215",8,0.13%
Longport,Atlantic,2020,706,9,1.27%
Longport,Atlantic,2015,735,1,0.12%
Lopatcong,Warren,2020,"6,098",16,0.26%
Lopatcong,Warren,2015,"5,458",2,0.04%
Lower,Cape May,2020,"16,172",94,0.58%
Lower,Cape May,2015,"15,385",6,0.04%
Lower Alloways Creek,Salem,2020,"1,391",2,0.14%
Lower Alloways Creek,Salem,2015,"1,208",0,0.02%
Lumberton,Burlington,2020,"8,516",49,0.58%
Lumberton,Burlington,2015,"8,118",6,0.07%
Lyndhurst,Bergen,2020,"15,267",43,0.28%
Lyndhurst,Bergen,2015,"12,696",4,0.03%
Madison,Morris,2020,"10,100",147,1.46%
Madison,Morris,2015,"9,726",15,0.15%
Magnolia,Camden,2020,"2,846",9,0.32%
Magnolia,Camden,2015,"2,658",3,0.13%
Mahwah,Bergen,2020,"17,368",161,0.93%
Mahwah,Bergen,2015,"16,288",12,0.07%
Manalapan,Monmouth,2020,"27,480",249,0.91%
Manalapan,Monmouth,2015,"26,959",22,0.08%
Manasquan,Monmouth,2020,"4,509",44,0.98%
Manasquan,Monmouth,2015,"4,287",2,0.04%
Manchester,Ocean,2020,"31,152",71,0.23%
Manchester,Ocean,2015,"30,775",14,0.04%
Mannington,Salem,2020,"1,026",3,0.29%
Mannington,Salem,2015,975,0,0.03%
Mansfield,Burlington,2020,"6,595",58,0.88%
Mansfield,Warren,2020,"4,903",24,0.49%
Mansfield,Burlington,2015,"6,424",8,0.12%
Mansfield,Warren,2015,"5,771",4,0.06%
Mantoloking,Ocean,2020,381,4,1.05%
Mantoloking,Ocean,2015,286,0,0.10%
Mantua,Gloucester,2020,"10,543",51,0.48%
Mantua,Gloucester,2015,"10,726",5,0.04%
Manville,Somerset,2020,"6,812",18,0.26%
Manville,Somerset,2015,"6,219",3,0.05%
Maple Shade,Burlington,2020,"12,503",33,0.26%
Maple Shade,Burlington,2015,"12,599",5,0.04%
Maplewood,Essex,2020,"13,259",208,1.57%
Maplewood,Essex,2015,"12,606",22,0.17%
Margate City,Atlantic,2020,"4,699",56,1.19%
Margate City,Atlantic,2015,"4,817",3,0.06%
Marlboro,Monmouth,2020,"27,464",414,1.51%
Marlboro,Monmouth,2015,"27,015",32,0.12%
Matawan,Monmouth,2020,"5,732",46,0.80%
Matawan,Monmouth,2015,"5,886",4,0.07%
Maurice River,Cumberland,2020,"1,850",2,0.11%
Maurice River,Cumberland,2015,"2,178",0,0.01%
Maywood,Bergen,2020,"6,228",28,0.45%
Maywood,Bergen,2015,"5,616",4,0.07%
Medford,Burlington,2020,"17,470",174,1.00%
Medford,Burlington,2015,"16,389",23,0.14%
Medford Lakes,Burlington,2020,"2,960",26,0.88%
Medford Lakes,Burlington,2015,"3,042",3,0.11%
Mendham,Morris,2020,"3,428",55,1.60%
Mendham,Morris,2020,"4,408",53,1.20%
Mendham,Morris,2015,"3,191",8,0.24%
Mendham,Morris,2015,"4,102",6,0.15%
Merchantville,Camden,2020,"2,120",12,0.57%
Merchantville,Camden,2015,"2,262",2,0.09%
Metuchen,Middlesex,2020,"8,978",84,0.94%
Metuchen,Middlesex,2015,"8,704",8,0.10%
Middle,Cape May,2020,"13,110",60,0.46%
Middle,Cape May,2015,"12,138",11,0.09%
Middlesex,Middlesex,2020,"9,146",23,0.25%
Middlesex,Middlesex,2015,"9,150",1,0.01%
Middletown,Monmouth,2020,"46,745",233,0.50%
Middletown,Monmouth,2015,"45,668",32,0.07%
Midland Park,Bergen,2020,"5,123",29,0.57%
Midland Park,Bergen,2015,"4,594",6,0.13%
Milford,Hunterdon,2020,"1,011",4,0.40%
Milford,Hunterdon,2015,865,1,0.09%
Millburn,Essex,2020,"13,020",414,3.18%
Millburn,Essex,2015,"12,477",26,0.21%
Millstone,Somerset,2020,441,4,0.91%
Millstone,Monmouth,2020,"8,474",75,0.89%
Millstone,Monmouth,2015,"7,600",13,0.17%
Millstone,Somerset,2015,314,0,0.10%
Milltown,Middlesex,2020,"4,894",35,0.72%
Milltown,Middlesex,2015,"4,955",6,0.13%
Millville,Cumberland,2020,"18,722",43,0.23%
Millville,Cumberland,2015,"16,275",10,0.06%
Mine Hill,Morris,2020,"2,549",7,0.27%
Mine Hill,Morris,2015,"2,249",0,0.00%
Monmouth Beach,Monmouth,2020,"2,539",69,2.72%
Monmouth Beach,Monmouth,2015,"2,518",3,0.12%
Monroe,Middlesex,2020,"32,072",491,1.53%
Monroe,Gloucester,2020,"25,618",82,0.32%
Monroe,Middlesex,2015,"28,818",41,0.14%
Monroe,Gloucester,2015,"23,516",13,0.05%
Montague,Sussex,2020,"3,008",11,0.37%
Montague,Sussex,2015,"2,681",2,0.06%
Montclair,Essex,2020,"21,667",395,1.82%
Montclair,Essex,2015,"21,455",39,0.18%
Montgomery,Somerset,2020,"15,454",383,2.48%
Montgomery,Somerset,2015,"14,935",35,0.24%
Montvale,Bergen,2020,"5,634",54,0.96%
Montvale,Bergen,2015,"5,358",5,0.09%
Montville,Morris,2020,"16,031",201,1.25%
Montville,Morris,2015,"15,160",15,0.10%
Moonachie,Bergen,2020,"1,461",7,0.48%
Moonachie,Bergen,2015,"1,587",1,0.06%
Moorestown,Burlington,2020,"14,601",250,1.71%
Moorestown,Burlington,2015,"14,311",23,0.16%
Morris,Morris,2020,"16,169",165,1.02%
Morris,Morris,2015,"15,584",20,0.13%
Morris Plains,Morris,2020,"4,540",49,1.08%
Morris Plains,Morris,2015,"3,833",5,0.13%
Morristown,Morris,2020,"12,924",170,1.32%
Morristown,Morris,2015,"10,434",21,0.20%
Mount Arlington,Morris,2020,"4,219",14,0.33%
Mount Arlington,Morris,2015,"3,744",0,0.01%
Mount Ephraim,Camden,2020,"3,523",13,0.37%
Mount Ephraim,Camden,2015,"2,886",1,0.03%
Mount Holly,Burlington,2020,"5,580",28,0.50%
Mount Holly,Burlington,2015,"5,327",5,0.09%
Mount Laurel,Burlington,2020,"30,924",228,0.74%
Mount Laurel,Burlington,2015,"29,434",26,0.09%
Mount Olive,Morris,2020,"19,819",102,0.51%
Mount Olive,Morris,2015,"19,279",11,0.06%
Mountain Lakes,Morris,2020,"2,977",90,3.02%
Mountain Lakes,Morris,2015,"2,997",6,0.20%
Mountainside,Union,2020,"4,870",59,1.21%
Mountainside,Union,2015,"4,626",7,0.15%
Mullica,Atlantic,2020,"4,112",15,0.36%
Mullica,Atlantic,2015,"4,152",3,0.07%
Municipality,County,Year,Total Personal Vehicles,# of EVs,% of EVs
National Park,Gloucester,2020,"2,076",2,0.10%
National Park,Gloucester,2015,"1,809",0,0.00%
Neptune,Monmouth,2020,"18,577",57,0.31%
Neptune,Monmouth,2015,"17,382",6,0.04%
Neptune City,Monmouth,2020,"3,334",11,0.33%
Neptune City,Monmouth,2015,"2,931",1,0.04%
Netcong,Morris,2020,"2,389",5,0.21%
Netcong,Morris,2015,"2,178",0,0.00%
New Brunswick,Middlesex,2020,"17,457",62,0.36%
New Brunswick,Middlesex,2015,"14,721",10,0.07%
New Hanover,Burlington,2020,"1,913",9,0.47%
New Hanover,Burlington,2015,"1,160",1,0.07%
New Milford,Bergen,2020,"10,211",54,0.53%
New Milford,Bergen,2015,"10,231",5,0.05%
New Providence,Union,2020,"9,004",103,1.14%
New Providence,Union,2015,"7,562",5,0.06%
Newark,Essex,2020,"92,490",141,0.15%
Newark,Essex,2015,"79,073",20,0.03%
Newfield,Gloucester,2020,"1,093",5,0.46%
Newfield,Gloucester,2015,"1,132",1,0.11%
Newton,Sussex,2020,"5,360",21,0.39%
Newton,Sussex,2015,"4,296",3,0.06%
North Arlington,Bergen,2020,"10,464",34,0.32%
North Arlington,Bergen,2015,"9,560",5,0.05%
North Bergen,Hudson,2020,"25,912",94,0.36%
North Bergen,Hudson,2015,"25,672",8,0.03%
North Brunswick,Middlesex,2020,"24,070",204,0.85%
North Brunswick,Middlesex,2015,"24,907",19,0.07%
North Caldwell,Essex,2020,"4,827",37,0.77%
North Caldwell,Essex,2015,"4,728",3,0.05%
North Haledon,Passaic,2020,"5,594",19,0.34%
North Haledon,Passaic,2015,"5,998",3,0.05%
North Hanover,Burlington,2020,"4,970",22,0.44%
North Hanover,Burlington,2015,"4,696",3,0.05%
North Plainfield,Somerset,2020,"13,007",35,0.27%
North Plainfield,Somerset,2015,"11,991",7,0.06%
North Wildwood,Cape May,2020,"2,724",47,1.73%
North Wildwood,Cape May,2015,"2,718",2,0.06%
Northfield,Atlantic,2020,"5,601",19,0.34%
Northfield,Atlantic,2015,"5,516",3,0.05%
Northvale,Bergen,2020,"3,434",24,0.70%
Northvale,Bergen,2015,"3,156",4,0.12%
Norwood,Bergen,2020,"3,698",52,1.41%
Norwood,Bergen,2015,"4,133",0,0.00%
Nutley,Essex,2020,"18,561",90,0.48%
Nutley,Essex,2015,"18,002",7,0.04%
Oakland,Bergen,2020,"8,908",59,0.66%
Oakland,Bergen,2015,"9,035",5,0.06%
Oaklyn,Camden,2020,"2,819",13,0.46%
Oaklyn,Camden,2015,"2,709",2,0.08%
Ocean,Monmouth,2020,"18,626",146,0.78%
Ocean,Ocean,2020,"7,047",15,0.21%
Ocean,Monmouth,2015,"18,175",13,0.07%
Ocean,Ocean,2015,"6,884",1,0.02%
Ocean City,Cape May,2020,"8,012",89,1.11%
Ocean City,Cape May,2015,"7,512",5,0.07%
Ocean Gate,Ocean,2020,"1,037",3,0.29%
Ocean Gate,Ocean,2015,"1,410",0,0.00%
Oceanport,Monmouth,2020,"4,623",23,0.50%
Oceanport,Monmouth,2015,"4,035",3,0.07%
Ogdensburg,Sussex,2020,"1,580",1,0.06%
Ogdensburg,Sussex,2015,"1,743",0,0.00%
Old Bridge,Middlesex,2020,"44,998",234,0.52%
Old Bridge,Middlesex,2015,"42,870",20,0.05%
Old Tappan,Bergen,2020,"4,064",41,1.01%
Old Tappan,Bergen,2015,"4,104",4,0.10%
Oldmans,Salem,2020,"1,229",8,0.65%
Oldmans,Salem,2015,"1,316",0,0.00%
Oradell,Bergen,2020,"5,657",51,0.90%
Oradell,Bergen,2015,"5,314",8,0.15%
Oxford,Warren,2020,"1,957",4,0.20%
Oxford,Warren,2015,"1,730",1,0.03%
Palisades Park,Bergen,2020,"10,493",72,0.69%
Palisades Park,Bergen,2015,"9,964",3,0.03%
Palmyra,Burlington,2020,"4,736",19,0.40%
Palmyra,Burlington,2015,"5,046",9,0.18%
Paramus,Bergen,2020,"16,692",231,1.38%
Paramus,Bergen,2015,"16,641",15,0.09%
Park Ridge,Bergen,2020,"6,357",48,0.76%
Park Ridge,Bergen,2015,"5,742",4,0.07%
Parsippany-Troy Hills,Morris,2020,"34,525",315,0.91%
Parsippany-Troy Hills,Morris,2015,"34,684",29,0.08%
Passaic,Passaic,2020,"20,386",42,0.21%
Passaic,Passaic,2015,"17,246",3,0.02%
Paterson,Passaic,2020,"48,712",67,0.14%
Paterson,Passaic,2015,"43,819",7,0.02%
Paulsboro,Gloucester,2020,"3,650",5,0.14%
Paulsboro,Gloucester,2015,"3,234",0,0.00%
Peapack and Gladstone,Somerset,2020,"1,751",30,1.71%
Peapack and Gladstone,Somerset,2015,"1,787",6,0.34%
Pemberton,Burlington,2020,"1,150",5,0.43%
Pemberton,Burlington,2020,"18,963",50,0.26%
Pemberton,Burlington,2015,"1,032",1,0.09%
Pemberton,Burlington,2015,"18,353",11,0.06%
Pennington,Mercer,2020,"1,734",55,3.17%
Pennington,Mercer,2015,"1,779",6,0.31%
Penns Grove,Salem,2020,"2,209",7,0.32%
Penns Grove,Salem,2015,"2,061",0,0.02%
Pennsauken,Camden,2020,"20,601",51,0.25%
Pennsauken,Camden,2015,"20,879",9,0.04%
Pennsville,Salem,2020,"9,086",16,0.18%
Pennsville,Salem,2015,"9,387",5,0.05%
Pequannock,Morris,2020,"10,526",38,0.36%
Pequannock,Morris,2015,"10,514",2,0.02%
Perth Amboy,Middlesex,2020,"21,105",44,0.21%
Perth Amboy,Middlesex,2015,"20,012",9,0.04%
Phillipsburg,Warren,2020,"8,960",22,0.25%
Phillipsburg,Warren,2015,"8,309",4,0.04%
Pilesgrove,Salem,2020,"3,084",17,0.55%
Pilesgrove,Salem,2015,"2,877",1,0.03%
Pine Beach,Ocean,2020,"1,788",5,0.28%
Pine Beach,Ocean,2015,"1,608",0,0.00%
Pine Hill,Camden,2020,"7,069",17,0.24%
Pine Hill,Camden,2015,"5,938",3,0.04%
Pine Valley,Camden,2020,13,#N/A,#N/A
Pine Valley,Camden,2015,2,0,0.00%
Piscataway,Middlesex,2020,"29,930",279,0.93%
Piscataway,Middlesex,2015,"30,116",26,0.09%
Pitman,Gloucester,2020,"5,955",29,0.49%
Pitman,Gloucester,2015,"6,148",2,0.03%
Pittsgrove,Salem,2020,"6,765",18,0.27%
Pittsgrove,Salem,2015,"6,576",2,0.04%
Plainfield,Union,2020,"22,027",81,0.37%
Plainfield,Union,2015,"20,832",16,0.08%
Plainsboro,Middlesex,2020,"14,771",249,1.69%
Plainsboro,Middlesex,2015,"15,022",21,0.14%
Pleasantville,Atlantic,2020,"9,236",7,0.08%
Pleasantville,Atlantic,2015,"9,155",1,0.01%
Plumsted,Ocean,2020,"6,902",23,0.33%
Plumsted,Ocean,2015,"5,847",2,0.03%
Pohatcong,Warren,2020,"2,740",6,0.22%
Pohatcong,Warren,2015,"2,480",1,0.04%
Point Pleasant,Ocean,2020,"14,322",73,0.51%
Point Pleasant,Ocean,2015,"13,208",10,0.07%
Point Pleasant Beach,Ocean,2020,"3,327",32,0.96%
Point Pleasant Beach,Ocean,2015,"3,324",4,0.13%
Pompton Lakes,Passaic,2020,"7,385",32,0.43%
Pompton Lakes,Passaic,2015,"7,062",1,0.01%
Port Republic,Atlantic,2020,"1,104",7,0.63%
Port Republic,Atlantic,2015,759,1,0.13%
Princeton,Mercer,2020,"15,263",450,2.95%
Princeton,Mercer,2015,"14,615",54,0.37%
Prospect Park,Passaic,2020,"2,489",11,0.44%
Prospect Park,Passaic,2015,"2,634",2,0.06%
Quinton,Salem,2020,"2,002",3,0.15%
Quinton,Salem,2015,"1,872",0,0.02%
Rahway,Union,2020,"17,502",64,0.37%
Rahway,Union,2015,"15,960",9,0.06%
Ramsey,Bergen,2020,"10,392",84,0.81%
Ramsey,Bergen,2015,"10,570",13,0.12%
Randolph,Morris,2020,"17,731",169,0.95%
Randolph,Morris,2015,"17,804",10,0.06%
Raritan,Hunterdon,2020,"16,670",133,0.80%
Raritan,Somerset,2020,"5,228",33,0.63%
Raritan,Hunterdon,2015,"15,877",14,0.09%
Raritan,Somerset,2015,"4,431",3,0.07%
Readington,Hunterdon,2020,"12,780",97,0.76%
Readington,Hunterdon,2015,"12,675",15,0.11%
Red Bank,Monmouth,2020,"7,444",60,0.81%
Red Bank,Monmouth,2015,"6,466",9,0.13%
Ridgefield,Bergen,2020,"6,673",26,0.39%
Ridgefield,Bergen,2015,"6,463",5,0.08%
Ridgefield Park village,Bergen,2020,"7,146",38,0.53%
Ridgefield Park village,Bergen,2015,"6,817",8,0.12%
Ridgewood village,Bergen,2020,"15,805",291,1.84%
Ridgewood village,Bergen,2015,"15,735",24,0.15%
Ringwood,Passaic,2020,"8,988",59,0.66%
Ringwood,Passaic,2015,"8,479",7,0.08%
River Edge,Bergen,2020,"7,587",70,0.92%
River Edge,Bergen,2015,"7,194",2,0.03%
River Vale,Bergen,2020,"6,916",70,1.01%
River Vale,Bergen,2015,"6,607",7,0.11%
Riverdale,Morris,2020,"3,258",14,0.43%
Riverdale,Morris,2015,"3,326",3,0.09%
Riverside,Burlington,2020,"4,848",17,0.35%
Riverside,Burlington,2015,"4,887",3,0.06%
Riverton,Burlington,2020,"1,913",12,0.63%
Riverton,Burlington,2015,"1,943",2,0.09%
Robbinsville,Mercer,2020,"9,874",128,1.30%
Robbinsville,Mercer,2015,"9,667",11,0.12%
Rochelle Park,Bergen,2020,"3,811",11,0.29%
Rochelle Park,Bergen,2015,"3,525",1,0.03%
Rockaway,Morris,2020,"4,342",25,0.58%
Rockaway,Morris,2020,"18,459",76,0.41%
Rockaway,Morris,2015,"4,224",4,0.08%
Rockaway,Morris,2015,"17,039",9,0.05%
Rockleigh,Bergen,2020,174,2,1.15%
Rockleigh,Bergen,2015,164,0,0.12%
Rocky Hill,Somerset,2020,434,10,2.30%
Rocky Hill,Somerset,2015,440,1,0.23%
Roosevelt,Monmouth,2020,589,5,0.85%
Roosevelt,Monmouth,2015,526,0,0.02%
Roseland,Essex,2020,"4,219",54,1.28%
Roseland,Essex,2015,"4,296",4,0.09%
Roselle,Union,2020,"11,487",21,0.18%
Roselle,Union,2015,"10,664",3,0.03%
Roselle Park,Union,2020,"8,612",26,0.30%
Roselle Park,Union,2015,"8,058",6,0.07%
Roxbury,Morris,2020,"17,015",63,0.37%
Roxbury,Morris,2015,"15,971",9,0.05%
Rumson,Monmouth,2020,"4,605",74,1.61%
Rumson,Monmouth,2015,"4,817",18,0.38%
Runnemede,Camden,2020,"5,272",12,0.23%
Runnemede,Camden,2015,"5,025",2,0.04%
Rutherford,Bergen,2020,"10,961",70,0.64%
Rutherford,Bergen,2015,"11,083",6,0.06%
Saddle Brook,Bergen,2020,"8,792",27,0.31%
Saddle Brook,Bergen,2015,"9,434",1,0.01%
Saddle River,Bergen,2020,"2,750",83,3.02%
Saddle River,Bergen,2015,"2,487",8,0.32%
Salem,Salem,2020,"2,056",9,0.44%
Salem,Salem,2015,"2,046",1,0.05%
Sandyston,Sussex,2020,"1,519",6,0.39%
Sandyston,Sussex,2015,"1,519",1,0.09%
Sayreville,Middlesex,2020,"29,313",143,0.49%
Sayreville,Middlesex,2015,"27,715",9,0.03%
Scotch Plains,Union,2020,"16,886",163,0.97%
Scotch Plains,Union,2015,"16,037",15,0.09%
Sea Bright,Monmouth,2020,"1,040",33,3.17%
Sea Bright,Monmouth,2015,"1,108",8,0.71%
Sea Girt,Monmouth,2020,"1,350",26,1.93%
Sea Girt,Monmouth,2015,"1,349",2,0.13%
Sea Isle City,Cape May,2020,"1,741",39,2.24%
Sea Isle City,Cape May,2015,"1,398",0,0.00%
Seaside Heights,Ocean,2020,"1,432",8,0.56%
Seaside Heights,Ocean,2015,"1,428",1,0.04%
Seaside Park,Ocean,2020,"1,563",11,0.70%
Seaside Park,Ocean,2015,"1,357",0,0.00%
Secaucus,Hudson,2020,"11,820",107,0.91%
Secaucus,Hudson,2015,"10,098",13,0.13%
Shamong,Burlington,2020,"4,859",21,0.43%
Shamong,Burlington,2015,"4,841",4,0.07%
Shiloh,Cumberland,2020,271,1,0.37%
Shiloh,Cumberland,2015,388,0,0.00%
Ship Bottom,Ocean,2020,888,8,0.90%
Ship Bottom,Ocean,2015,766,1,0.10%
Shrewsbury,Monmouth,2020,"2,800",23,0.82%
Shrewsbury,Monmouth,2020,942,6,0.64%
Shrewsbury,Monmouth,2015,"2,685",5,0.19%
Shrewsbury,Monmouth,2015,693,1,0.07%
Somerdale,Camden,2020,"3,798",13,0.34%
Somerdale,Camden,2015,"3,442",3,0.08%
Somers Point,Atlantic,2020,"6,648",14,0.21%
Somers Point,Atlantic,2015,"6,577",1,0.02%
Somerville,Somerset,2020,"7,267",63,0.87%
Somerville,Somerset,2015,"7,081",8,0.11%
South Amboy,Middlesex,2020,"5,605",23,0.41%
South Amboy,Middlesex,2015,"6,190",2,0.03%
South Bound Brook,Somerset,2020,"2,891",19,0.66%
South Bound Brook,Somerset,2015,"2,634",3,0.11%
South Brunswick,Middlesex,2020,"29,797",512,1.72%
South Brunswick,Middlesex,2015,"29,344",49,0.17%
South Hackensack,Bergen,2020,"1,424",6,0.42%
South Hackensack,Bergen,2015,"1,415",0,0.01%
South Harrison,Gloucester,2020,"2,215",17,0.77%
South Harrison,Gloucester,2015,"2,251",2,0.08%
South Orange Village,Essex,2020,"7,968",171,2.15%
South Orange Village,Essex,2015,"8,398",21,0.25%
South Plainfield,Middlesex,2020,"16,529",84,0.51%
South Plainfield,Middlesex,2015,"15,601",8,0.05%
South River,Middlesex,2020,"9,404",33,0.35%
South River,Middlesex,2015,"9,674",7,0.07%
South Toms River,Ocean,2020,"2,154",3,0.14%
South Toms River,Ocean,2015,"2,029",0,0.02%
Southampton,Burlington,2020,"7,800",50,0.64%
Southampton,Burlington,2015,"7,735",9,0.11%
Sparta,Sussex,2020,"13,629",132,0.97%
Sparta,Sussex,2015,"13,563",18,0.13%
Spotswood,Middlesex,2020,"5,654",25,0.44%
Spotswood,Middlesex,2015,"5,461",2,0.04%
Spring Lake,Monmouth,2020,"2,412",26,1.08%
Spring Lake,Monmouth,2015,"2,218",3,0.11%
Spring Lake Heights,Monmouth,2020,"3,240",42,1.30%
Spring Lake Heights,Monmouth,2015,"3,506",4,0.12%
Springfield,Union,2020,"12,027",70,0.58%
Springfield,Burlington,2020,"2,677",11,0.41%
Springfield,Burlington,2015,"2,572",1,0.05%
Springfield,Union,2015,"11,511",4,0.04%
Stafford,Ocean,2020,"20,829",90,0.43%
Stafford,Ocean,2015,"18,722",7,0.04%
Stanhope,Sussex,2020,"2,409",7,0.29%
Stanhope,Sussex,2015,"2,584",1,0.04%
Stillwater,Sussex,2020,"3,216",10,0.31%
Stillwater,Sussex,2015,"3,113",1,0.04%
Stockton,Hunterdon,2020,474,4,0.84%
Stockton,Hunterdon,2015,436,1,0.11%
Stone Harbor,Cape May,2020,749,24,3.20%
Stone Harbor,Cape May,2015,648,1,0.15%
Stow Creek,Cumberland,2020,815,2,0.25%
Stow Creek,Cumberland,2015,"1,175",0,0.03%
Stratford,Camden,2020,"4,584",9,0.20%
Stratford,Camden,2015,"4,398",2,0.05%
Summit,Union,2020,"13,912",224,1.61%
Summit,Union,2015,"13,018",32,0.25%
Surf City,Ocean,2020,"1,094",6,0.55%
Surf City,Ocean,2015,939,1,0.07%
Sussex,Sussex,2020,"1,204",6,0.50%
Sussex,Sussex,2015,"1,161",1,0.09%
Swedesboro,Gloucester,2020,"1,570",16,1.02%
Swedesboro,Gloucester,2015,"1,510",1,0.08%
Tabernacle,Burlington,2020,"6,157",23,0.37%
Tabernacle,Burlington,2015,"5,297",4,0.07%
Tavistock,Camden,2020,6,1,16.67%
Tavistock,Camden,2015,6,0,0.00%
Teaneck,Bergen,2020,"22,086",173,0.78%
Teaneck,Bergen,2015,"21,614",20,0.09%
Tenafly,Bergen,2020,"8,661",241,2.78%
Tenafly,Bergen,2015,"8,787",17,0.19%
Teterboro,Bergen,2020,49,1,2.04%
Teterboro,Bergen,2015,53,0,0.00%
Tewksbury,Hunterdon,2020,"4,419",50,1.13%
Tewksbury,Hunterdon,2015,"4,920",6,0.12%
Tinton Falls,Monmouth,2020,"12,388",65,0.52%
Tinton Falls,Monmouth,2015,"11,725",7,0.06%
Toms River,Ocean,2020,"64,822",291,0.45%
Toms River,Ocean,2015,"61,597",27,0.04%
Totowa,Passaic,2020,"7,197",44,0.61%
Totowa,Passaic,2015,"6,392",1,0.02%
Trenton,Mercer,2020,"31,840",69,0.22%
Trenton,Mercer,2015,"29,482",8,0.03%
Tuckerton,Ocean,2020,"2,475",9,0.36%
Tuckerton,Ocean,2015,"2,256",2,0.07%
Union,Hunterdon,2020,"3,365",26,0.77%
Union,Union,2020,"37,148",109,0.29%
Union,Hunterdon,2015,"3,838",4,0.09%
Union,Union,2015,"34,244",9,0.03%
Union Beach,Monmouth,2020,"3,875",12,0.31%
Union Beach,Monmouth,2015,"3,702",2,0.05%
Union City,Hudson,2020,"20,593",54,0.26%
Union City,Hudson,2015,"17,479",5,0.03%
Upper,Cape May,2020,"9,527",39,0.41%
Upper,Cape May,2015,"9,243",9,0.10%
Upper Deerfield,Cumberland,2020,"4,844",9,0.19%
Upper Deerfield,Cumberland,2015,"5,580",2,0.03%
Upper Freehold,Monmouth,2020,"5,338",42,0.79%
Upper Freehold,Monmouth,2015,"5,221",3,0.07%
Upper Pittsgrove,Salem,2020,"2,506",11,0.44%
Upper Pittsgrove,Salem,2015,"2,457",2,0.09%
Upper Saddle River,Bergen,2020,"5,797",123,2.12%
Upper Saddle River,Bergen,2015,"5,537",12,0.21%
Ventnor City,Atlantic,2020,"6,068",31,0.51%
Ventnor City,Atlantic,2015,"5,786",5,0.08%
Vernon,Sussex,2020,"17,451",67,0.38%
Vernon,Sussex,2015,"16,891",12,0.07%
Verona,Essex,2020,"9,179",81,0.88%
Verona,Essex,2015,"8,811",5,0.06%
Victory Gardens,Morris,2020,867,2,0.23%
Victory Gardens,Morris,2015,764,0,0.01%
Vineland,Cumberland,2020,"37,321",102,0.27%
Vineland,Cumberland,2015,"34,378",14,0.04%
Voorhees,Camden,2020,"19,384",241,1.24%
Voorhees,Camden,2015,"18,068",26,0.14%
Waldwick,Bergen,2020,"6,463",28,0.43%
Waldwick,Bergen,2015,"6,660",4,0.06%
Wall,Monmouth,2020,"19,821",119,0.60%
Wall,Monmouth,2015,"18,509",10,0.05%
Wallington,Bergen,2020,"7,339",27,0.37%
Wallington,Bergen,2015,"7,119",3,0.04%
Walpack,Sussex,2020,8,1,12.50%
Walpack,Sussex,2015,5,0,0.00%
Wanaque,Passaic,2020,"8,215",32,0.39%
Wanaque,Passaic,2015,"7,375",3,0.04%
Wantage,Sussex,2020,"8,443",27,0.32%
Wantage,Sussex,2015,"8,198",5,0.06%
Warren,Somerset,2020,"11,357",258,2.27%
Warren,Somerset,2015,"10,844",29,0.27%
Washington,Bergen,2020,"6,674",59,0.88%
Washington,Morris,2020,"13,124",96,0.73%
Washington,Gloucester,2020,"33,559",142,0.42%
Washington,Burlington,2020,499,2,0.40%
Washington,Warren,2020,"4,638",17,0.37%
Washington,Warren,2020,"5,262",15,0.29%
Washington,Morris,2015,"13,313",13,0.10%
Washington,Bergen,2015,"6,483",6,0.09%
Washington,Warren,2015,"4,183",4,0.08%
Washington,Gloucester,2015,"31,718",18,0.06%
Washington,Warren,2015,"5,015",3,0.06%
Washington,Burlington,2015,642,0,0.03%
Watchung,Somerset,2020,"4,082",105,2.57%
Watchung,Somerset,2015,"4,166",20,0.47%
Waterford,Camden,2020,"7,941",17,0.21%
Waterford,Camden,2015,"6,977",5,0.06%
Wayne,Passaic,2020,"35,517",232,0.65%
Wayne,Passaic,2015,"34,528",19,0.06%
Weehawken,Hudson,2020,"7,680",84,1.09%
Weehawken,Hudson,2015,"5,957",7,0.12%
Wenonah,Gloucester,2020,"1,593",8,0.50%
Wenonah,Gloucester,2015,"1,616",1,0.03%
West Amwell,Hunterdon,2020,"2,373",21,0.88%
West Amwell,Hunterdon,2015,"2,305",3,0.12%
West Caldwell,Essex,2020,"7,859",70,0.89%
West Caldwell,Essex,2015,"6,833",5,0.07%
West Cape May,Cape May,2020,789,9,1.14%
West Cape May,Cape May,2015,652,1,0.08%
West Deptford,Gloucester,2020,"14,484",44,0.30%
West Deptford,Gloucester,2015,"14,963",3,0.02%
West Long Branch,Monmouth,2020,"5,048",54,1.07%
West Long Branch,Monmouth,2015,"4,810",7,0.15%
West Milford,Passaic,2020,"19,828",67,0.34%
West Milford,Passaic,2015,"18,726",9,0.05%
West New York,Hudson,2020,"15,432",94,0.61%
West New York,Hudson,2015,"15,049",4,0.03%
West Orange,Essex,2020,"27,309",254,0.93%
West Orange,Essex,2015,"27,101",21,0.08%
West Wildwood,Cape May,2020,313,6,1.92%
West Wildwood,Cape May,2015,331,0,0.06%
West Windsor,Mercer,2020,"18,347",508,2.77%
West Windsor,Mercer,2015,"17,832",53,0.30%
Westampton,Burlington,2020,"6,395",22,0.34%
Westampton,Burlington,2015,"6,096",5,0.07%
Westfield,Union,2020,"19,514",268,1.37%
Westfield,Union,2015,"19,416",23,0.12%
Westville,Gloucester,2020,"2,545",5,0.20%
Westville,Gloucester,2015,"2,659",1,0.03%
Westwood,Bergen,2020,"7,258",105,1.45%
Westwood,Bergen,2015,"6,877",11,0.16%
Weymouth,Atlantic,2020,"2,456",5,0.20%
Weymouth,Atlantic,2015,"2,012",1,0.03%
Wharton,Morris,2020,"4,081",17,0.42%
Wharton,Morris,2015,"3,623",0,0.00%
White,Warren,2020,"3,418",8,0.23%
White,Warren,2015,"3,516",1,0.02%
Wildwood,Cape May,2020,"2,382",48,2.02%
Wildwood,Cape May,2015,"2,840",2,0.06%
Wildwood Crest,Cape May,2020,"2,610",29,1.11%
Wildwood Crest,Cape May,2015,"2,345",1,0.04%
Willingboro,Burlington,2020,"20,513",41,0.20%
Willingboro,Burlington,2015,"18,547",10,0.05%
Winfield,Union,2020,"1,181",4,0.34%
Winfield,Union,2015,970,1,0.05%
Winslow,Camden,2020,"24,874",105,0.42%
Winslow,Camden,2015,"24,412",17,0.07%
Wood-Ridge,Bergen,2020,"6,009",71,1.18%
Wood-Ridge,Bergen,2015,"5,230",6,0.11%
Woodbine,Cape May,2020,"1,431",5,0.35%
Woodbine,Cape May,2015,"1,159",1,0.10%
Woodbridge,Middlesex,2020,"59,139",278,0.47%
Woodbridge,Middlesex,2015,"57,597",26,0.04%
Woodbury,Gloucester,2020,"5,994",24,0.40%
Woodbury,Gloucester,2015,"5,726",5,0.09%
Woodbury Heights,Gloucester,2020,"2,285",6,0.26%
Woodbury Heights,Gloucester,2015,"2,070",2,0.09%
Woodcliff Lake,Bergen,2020,"4,042",62,1.53%
Woodcliff Lake,Bergen,2015,"4,213",6,0.14%
Woodland,Burlington,2020,"1,295",6,0.46%
Woodland,Burlington,2015,"1,020",0,0.03%
Woodland Park,Passaic,2020,"7,975",42,0.53%
Woodland Park,Passaic,2015,"7,417",4,0.06%
Woodlynne,Camden,2020,"1,093",7,0.64%
Woodlynne,Camden,2015,"1,086",1,0.10%
Woodstown,Salem,2020,"2,362",15,0.64%
Woodstown,Salem,2015,"2,396",1,0.03%
Woolwich,Gloucester,2020,"7,964",51,0.64%
Woolwich,Gloucester,2015,"7,378",4,0.05%
Wrightstown,Burlington,2020,384,6,1.56%
Wrightstown,Burlington,2015,404,0,0.10%
Wyckoff,Bergen,2020,"11,582",119,1.03%
Wyckoff,Bergen,2015,"11,639",9,0.08%